{"dist_coeff": [[0.02999846564909687, -0.05913722400315286, 0.0032957434002814606, 0.003026287821656661, 0.0]], "camera_matrix": [[1169.007992972877, 0.0, 758.54471508651], [0.0, 1170.7600067416026, 413.6251662702983], [0.0, 0.0, 1.0]], "width": 1504, "height": 845}