{"width": 896, "camera_matrix": [[1036.2845592203307, 0.0, 379.5433134568496], [0.0, 1033.2170516394765, 227.4549666666871], [0.0, 0.0, 1.0]], "dist_coeff": [[0.15209589960148337, -0.022675086190981884, 0.004613154315075395, -0.017384513909494824, 0.0]], "height": 504}